number,learning_rate,batch_size,weight_decay,precision,recall,mAP50,mAP50_95
15,0.00012497636687778383,4,4.797963991814197e-06,0.59695,0.31469,0.35484,0.17222
16,0.0006851388633401557,32,1.2692499368864474e-05,0.55641,0.41259,0.41102,0.21383
29,0.0010660946830719875,4,1.1813721095362816e-05,0.62,0.29021,0.34458,0.1733
48,0.00041164396508270966,16,4.016793100383839e-06,0.51553,0.43007,0.40281,0.20849
