number,lr0,lrf,momentum,weight_decay,warmup_epochs,warmup_momentum,box,cls,batch,precision,recall,mAP50,mAP50_95
8,0.08651456273115374,0.5605231484741419,0.8099023043537165,0.0008477701828519398,1.0822306850236496,0.28937275853629546,0.077101349672396,0.23954449135408656,8,0.03156,0.57432,0.11026,0.04077
18,0.00018579758957121154,0.8818621321016599,0.8575064517399315,0.0004978213249986485,0.6758830812235234,0.542241581692951,0.17980935925628236,0.23000126876261107,32,0.68801,0.43975,0.49433,0.2686
24,0.07457342112330977,0.6529241026866253,0.6067858957022321,9.83238567221334e-06,0.2417924646421643,0.5370316782153856,0.17409199464607328,1.0393116775449365,4,0.00473,0.68637,0.08312,0.02712
28,0.0002419678830111595,0.8822643903263601,0.9044865323501942,0.0007073860401214421,3.8021161044128045,0.7964752135789998,0.11951054254531426,1.825762992696187,16,0.66242,0.44527,0.47594,0.24513
47,0.00022625972254536884,0.08827626121718753,0.6229798496252116,0.00038888947378884497,2.9537999059298814,0.2740995002873941,0.10693792565434229,3.7684107219789897,16,0.65586,0.45069,0.49479,0.26339
